{
  "objeto_atual": {
    "posicao": [
      -0.0027188357278987896,
      0.02869851621414689,
      0.34866047181558313
    ],
    "rotacao": [
      2.916557937239575,
      -0.019618613473181383,
      0.09816313475024986
    ],
    "matriz_4x4": [
      [
        0.9976758835983147,
        -0.020720124304336476,
        0.06491153776590593,
        -0.0027188357278987896
      ],
      [
        -0.005821069369411464,
        -0.9750788834929152,
        -0.22178206897223768,
        0.02869851621414689
      ],
      [
        0.06788922180816544,
        0.22088876706392913,
        -0.9729332999477708,
        0.34866047181558313
      ],
      [
        0.0,
        0.0,
        0.0,
        1.0
      ]
    ],
    "confianca": 1.0,
    "visivel": true,
    "timestamp": 1757686527.9611368,
    "id_marcador": 0
  },
  "historico_count": 100,
  "timestamp_salvo": 1757686527.9620621
}